Trend,Engagement,Caption,URL
Unknown_Trend,207.1K,,https://www.tiktok.com/@walidsabbagh/video/7469513194105507078
Ø¹Ù…Ø±_Ø¨Ù†_Ø¹Ø·ÙŠØ©,61.9K,Allh yarhm ya omaar w nchllh rabi ysbrna aliiik#Ø¹Ù…Ø±_Ø¨Ù†_Ø¹Ø·ÙŠØ©,https://www.tiktok.com/@sol__is/video/7460491909358832904
smartphone,25.2K,#smartphone #hachanicom,https://www.tiktok.com/@hssan_hachani_com/video/7459720268819320069
Unknown_Trend,19.8K,Ø¥Ù† Ù„Ù„Ù‡ Ùˆ Ø¥Ù† Ø¥Ù„ÙŠÙ‡ Ø±Ø§Ø¬Ø¹ÙˆÙ†,https://www.tiktok.com/@houssem_lass/video/7467206651859176710
foryou,366.5K,ØªØ´ÙƒÙŠÙ„Ø© Ø§Ù„Ø¯ÙˆØ§Ø¡ United ğŸ˜‚ğŸ˜‚ â€#foryou #fyp #viral #Ø§Ù„Ø³Ø¹ÙˆØ¯ÙŠØ© #Ù…ØµØ± #Ù…ØºØ±Ø¨ #Ø§Ù„Ø¬Ø²Ø§Ø¦Ø± #ØªÙˆÙ†Ø³ #Ù„ÙŠØ¨ÙŠØ§ #ÙÙŠÙØ§ #fypã‚·ã‚šviralLe #football #giveaway #hannibal #tunisia #Ø§Ù„Ø´Ø¹Ø¨_Ø§Ù„ØµÙŠÙ†ÙŠ_Ù…Ø§Ù„Ù‡_Ø­Ù„ğŸ˜‚ğŸ˜‚,https://www.tiktok.com/@gooba_off/video/7469376674996571398
Unknown_Trend,207.1K,,https://www.tiktok.com/@walidsabbagh/video/7469513194105507078
Ø¹Ù…Ø±_Ø¨Ù†_Ø¹Ø·ÙŠØ©,61.9K,Allh yarhm ya omaar w nchllh rabi ysbrna aliiik#Ø¹Ù…Ø±_Ø¨Ù†_Ø¹Ø·ÙŠØ©,https://www.tiktok.com/@sol__is/video/7460491909358832904
smartphone,25.2K,#smartphone #hachanicom,https://www.tiktok.com/@hssan_hachani_com/video/7459720268819320069
Unknown_Trend,19.8K,Ø¥Ù† Ù„Ù„Ù‡ Ùˆ Ø¥Ù† Ø¥Ù„ÙŠÙ‡ Ø±Ø§Ø¬Ø¹ÙˆÙ†,https://www.tiktok.com/@houssem_lass/video/7467206651859176710
foryou,366.5K,ØªØ´ÙƒÙŠÙ„Ø© Ø§Ù„Ø¯ÙˆØ§Ø¡ United ğŸ˜‚ğŸ˜‚ â€#foryou #fyp #viral #Ø§Ù„Ø³Ø¹ÙˆØ¯ÙŠØ© #Ù…ØµØ± #Ù…ØºØ±Ø¨ #Ø§Ù„Ø¬Ø²Ø§Ø¦Ø± #ØªÙˆÙ†Ø³ #Ù„ÙŠØ¨ÙŠØ§ #ÙÙŠÙØ§ #fypã‚·ã‚šviralLe #football #giveaway #hannibal #tunisia #Ø§Ù„Ø´Ø¹Ø¨_Ø§Ù„ØµÙŠÙ†ÙŠ_Ù…Ø§Ù„Ù‡_Ø­Ù„ğŸ˜‚ğŸ˜‚,https://www.tiktok.com/@gooba_off/video/7469376674996571398
ahlemfekih,34.3K,#ahlemfekih #sanfara #Ø§Ù„Ù…ØºØ±Ø¨ğŸ‡²ğŸ‡¦ØªÙˆÙ†Ø³ğŸ‡¹ğŸ‡³Ø§Ù„Ø¬Ø²Ø§Ø¦Ø±ğŸ‡©ğŸ‡¿ #explore #Ø´Ø¹Ø¨_Ø§Ù„ØµÙŠÙ†ÙŠ_Ù…Ø§Ù„Ù‡_Ø­Ù„ğŸ˜‚ğŸ˜‚ #fouryou #couple,https://www.tiktok.com/@ahlemfekih1/video/7469054584812506423
Unknown_Trend,34.9K,ÙŠØ§Ø³Ø± ÙØ§Ù‡Ù… trend Ø¨Ù„ØºØ§Ù„Ø· ğŸ¤£ğŸ¤£ğŸ¤£ Ù‚Ø¹Ø¯ Ù…Ø§Ø´Ù‰ Ø¬Ø§ÙŠ ğŸ¤£ğŸ¤£ğŸ¤£ğŸ¤£ğŸ¤£,https://www.tiktok.com/@yosramanaii/video/7469448667540426039
@ğŸ‘‘Ù„Ø§ÙŠØ¯ÙŠ Ø³Ù…Ø§Ø±Ø§ğŸ‘‘,38.3K,Ø®Ø±ÙˆØ¬ Ù„Ø§ÙŠØ¯ÙŠ Ø³Ø§Ù…Ø§Ø±Ø§ Ù…Ù† Ø§Ù„Ø³Ø¬Ù† !! @ğŸ‘‘Ù„Ø§ÙŠØ¯ÙŠ Ø³Ù…Ø§Ø±Ø§ğŸ‘‘ #Ù„Ø§ÙŠØ¯ÙŠ_Ø³Ø§Ù…Ø§Ø±Ø§ #tiktoklongs #frypage #frypage #algeria #marroc #foryoupageâ¤ï¸â¤ï¸ #ØªÙˆÙ†Ø³ #startuni #lady_samara #Ø§Ù„Ø®Ù„ÙŠØ¬ #trinding #explore #live #celebrity #tiktoktipps,https://www.tiktok.com/@mxxyqfx/video/7468776718447168774
Ø¬Ù„Ø§Ø¯ÙŠÙ†,87.4K,ØªØ±Ø§ Ù…Ùˆ ÙƒØ°Ø§Ø¨ğŸ’” #Ø¬Ù„Ø§Ø¯ÙŠÙ† #Ù†ÙˆØ±Ù…Ø§Ø±,https://www.tiktok.com/@nourmar5/video/7469049814953544967
Ø¶Ø­Ùƒ,21.7K,#Ø¶Ø­Ùƒ #ØªØ±Ù†Ø¯ #ÙÙƒØ§Ù‡Ø©,https://www.tiktok.com/@salem.mr/video/7469780798938303799
Unknown_Trend,19.8K,,https://www.tiktok.com/@fatmahdidi1/video/7452393267276156166
Ø·Ù‚Ø³,55.4K,Ø·Ù‚Ø³ ØªÙˆÙ†Ø³ ğŸŒ§ï¸â™¥ï¸#Ø·Ù‚Ø³ #Ø§Ù…Ø·Ø§Ø±Ø§Ù„ÙŠÙˆÙ… #mÃ©tÃ©o#fyp,https://www.tiktok.com/@tunis680/video/7459855084164222213
makeup,33K,ğŸ˜‚ğŸ˜‚ğŸ˜‚ğŸ˜‚ #makeup #couplegoals #foryoupageâ¤ï¸â¤ï¸ #fyp #instagram #instagram #viral,https://www.tiktok.com/@hamza_dhouha_official/video/7467976749020761350
Unknown_Trend,7234,,https://www.tiktok.com/@ghaithbiaa/video/7440163051585785143
